Driver_ID,Age,Gender,Driving_Experience,Marital_Status,Annual_Income,Vehicle_ID,Vehicle_Age,Vehicle_Type,Fuel_Type,Engine_Capacity,Policy_ID,Annual_Premium,Claim_Cost,Claim_Frequency,Coverage_Level
D0001,56,Male,33,Married,42042,V0001,15,Hatchback,Petrol,2.1,P0001,1663,0,0,Standard
D0002,69,Female,47,Divorced,72930,V0002,16,Truck,Electric,3.8,P0002,1631,0,0,Standard
D0003,46,Female,29,Divorced,64413,V0003,4,Truck,Diesel,2.6,P0003,2592,0,0,Basic
D0004,32,Female,11,Widowed,113623,V0004,3,Sedan,Electric,3.6,P0004,1838,0,0,Basic
D0005,60,Male,39,Married,117883,V0005,17,SUV,Petrol,1.5,P0005,860,4655,1,Basic
D0006,25,Male,7,Married,53756,V0006,18,Hatchback,Electric,4.0,P0006,1399,0,0,Standard
D0007,38,Female,21,Single,73268,V0007,3,Sedan,Hybrid,3.5,P0007,2203,0,0,Basic
D0008,56,Female,40,Widowed,59214,V0008,6,Sedan,Electric,4.2,P0008,474,5697,1,Basic
D0009,36,Male,15,Single,101871,V0009,9,Hatchback,Petrol,1.5,P0009,2456,7952,1,Standard
D0010,40,Female,20,Married,48602,V0010,17,Sedan,Hybrid,3.1,P0010,2530,9218,1,Premium
D0011,28,Female,4,Widowed,73331,V0011,18,SUV,Electric,3.1,P0011,491,2672,1,Basic
D0012,28,Female,12,Divorced,68901,V0012,3,SUV,Electric,2.2,P0012,364,779,1,Standard
D0013,41,Male,19,Widowed,119986,V0013,9,Truck,Hybrid,2.6,P0013,1797,0,0,Standard
D0014,70,Male,50,Divorced,83416,V0014,0,Sedan,Diesel,1.1,P0014,1867,0,0,Standard
D0015,53,Male,33,Divorced,52196,V0015,17,Truck,Hybrid,3.6,P0015,1451,0,0,Premium
D0016,57,Female,40,Widowed,25626,V0016,4,Sedan,Diesel,2.9,P0016,2237,4481,1,Basic
D0017,41,Female,23,Divorced,27424,V0017,14,SUV,Petrol,1.2,P0017,668,0,0,Basic
D0018,20,Female,1,Single,32857,V0018,16,SUV,Petrol,3.4,P0018,1150,0,0,Premium
D0019,39,Male,18,Married,39982,V0019,2,SUV,Hybrid,2.6,P0019,342,4927,1,Standard
D0020,70,Female,53,Divorced,96961,V0020,11,Sedan,Hybrid,1.1,P0020,2207,6635,1,Standard
D0021,19,Female,1,Single,21980,V0021,1,SUV,Petrol,4.4,P0021,2835,0,0,Standard
D0022,41,Female,24,Divorced,68290,V0022,0,Sedan,Diesel,4.3,P0022,377,0,0,Standard
D0023,61,Female,44,Married,46431,V0023,16,Truck,Petrol,2.8,P0023,2124,7689,1,Premium
D0024,47,Male,30,Single,104976,V0024,15,Sedan,Hybrid,1.3,P0024,1593,0,0,Premium
D0025,55,Male,37,Married,102711,V0025,4,Truck,Petrol,3.6,P0025,973,0,0,Standard
D0026,19,Female,2,Married,46385,V0026,14,Sedan,Hybrid,2.7,P0026,1000,0,0,Basic
D0027,38,Male,19,Single,58158,V0027,2,Truck,Hybrid,2.1,P0027,1058,0,0,Premium
D0028,50,Male,26,Single,43019,V0028,6,SUV,Petrol,2.7,P0028,2223,8886,1,Basic
D0029,29,Female,8,Single,38639,V0029,10,Truck,Diesel,2.8,P0029,1201,0,0,Basic
D0030,39,Female,23,Widowed,105530,V0030,9,SUV,Electric,3.0,P0030,1292,0,0,Premium
D0031,61,Male,38,Single,119911,V0031,8,SUV,Petrol,2.5,P0031,1491,8544,1,Basic
D0032,42,Female,20,Single,41563,V0032,13,Truck,Electric,3.1,P0032,2686,9436,2,Basic
D0033,66,Male,48,Single,59341,V0033,12,Sedan,Petrol,4.2,P0033,2540,22240,4,Basic
D0034,44,Female,28,Single,25776,V0034,1,Sedan,Electric,2.3,P0034,1776,0,0,Premium
D0035,59,Male,39,Divorced,56444,V0035,2,Hatchback,Diesel,3.5,P0035,2630,0,0,Standard
D0036,45,Female,26,Widowed,88916,V0036,6,Sedan,Diesel,4.1,P0036,689,0,0,Standard
D0037,33,Male,10,Married,28711,V0037,17,Hatchback,Petrol,2.6,P0037,1299,4289,1,Basic
D0038,32,Male,16,Single,94318,V0038,2,Sedan,Hybrid,2.6,P0038,824,9603,1,Standard
D0039,64,Male,48,Divorced,102970,V0039,9,Sedan,Electric,3.1,P0039,2155,15296,2,Standard
D0040,68,Female,49,Divorced,105553,V0040,6,SUV,Hybrid,3.1,P0040,1806,0,0,Basic
D0041,61,Male,38,Divorced,50707,V0041,8,Hatchback,Hybrid,3.8,P0041,958,0,0,Standard
D0042,72,Male,52,Married,59110,V0042,16,Sedan,Hybrid,2.7,P0042,1190,0,0,Basic
D0043,69,Female,52,Single,81788,V0043,10,Hatchback,Diesel,4.5,P0043,1781,0,0,Premium
D0044,74,Female,53,Widowed,102879,V0044,6,SUV,Petrol,1.2,P0044,751,0,0,Standard
D0045,20,Male,1,Widowed,58827,V0045,13,SUV,Petrol,1.0,P0045,2775,9372,1,Premium
D0046,54,Male,37,Divorced,25655,V0046,18,Hatchback,Diesel,3.2,P0046,1837,0,0,Basic
D0047,68,Female,50,Married,64859,V0047,3,SUV,Diesel,2.0,P0047,1182,5151,1,Standard
D0048,24,Female,1,Married,73625,V0048,5,Truck,Petrol,1.8,P0048,612,0,0,Standard
D0049,38,Female,16,Married,72098,V0049,9,Truck,Hybrid,2.1,P0049,1139,8440,1,Standard
D0050,26,Female,4,Widowed,35251,V0050,6,SUV,Electric,1.9,P0050,2866,4366,1,Premium
D0051,56,Female,35,Divorced,20526,V0051,12,Truck,Electric,1.1,P0051,674,871,1,Basic
D0052,35,Male,12,Single,88760,V0052,13,Sedan,Electric,4.4,P0052,750,0,0,Basic
D0053,21,Female,2,Widowed,67837,V0053,3,Hatchback,Hybrid,1.8,P0053,894,1115,1,Standard
D0054,42,Male,19,Divorced,31536,V0054,7,Sedan,Petrol,3.6,P0054,1533,0,0,Standard
D0055,31,Male,12,Divorced,48541,V0055,4,Hatchback,Diesel,3.7,P0055,799,0,0,Standard
D0056,67,Male,44,Single,99083,V0056,0,SUV,Petrol,4.3,P0056,763,5506,2,Basic
D0057,26,Female,2,Single,71027,V0057,3,Sedan,Hybrid,1.1,P0057,412,5442,1,Standard
D0058,43,Male,25,Single,54531,V0058,2,SUV,Diesel,4.1,P0058,1335,0,0,Basic
D0059,70,Male,52,Married,28712,V0059,8,SUV,Hybrid,2.8,P0059,2678,0,0,Standard
D0060,19,Female,2,Single,85455,V0060,7,Hatchback,Electric,3.2,P0060,2224,15908,2,Standard
D0061,37,Male,19,Divorced,94744,V0061,0,Hatchback,Electric,3.3,P0061,439,0,0,Standard
D0062,45,Male,27,Single,25109,V0062,5,Hatchback,Hybrid,3.9,P0062,1724,0,0,Basic
D0063,64,Female,44,Divorced,69268,V0063,8,Sedan,Diesel,2.2,P0063,816,17187,3,Standard
D0064,24,Male,4,Widowed,74615,V0064,6,Truck,Diesel,3.6,P0064,2916,2737,1,Basic
D0065,61,Male,44,Married,102503,V0065,3,Hatchback,Petrol,2.9,P0065,2247,0,0,Basic
D0066,25,Male,4,Widowed,49759,V0066,12,Hatchback,Electric,3.8,P0066,2465,0,0,Standard
D0067,64,Female,44,Widowed,105708,V0067,16,Sedan,Petrol,4.5,P0067,1187,6894,1,Premium
D0068,52,Female,31,Divorced,80112,V0068,1,Hatchback,Petrol,1.7,P0068,1641,0,0,Basic
D0069,31,Female,15,Widowed,46589,V0069,4,Sedan,Hybrid,4.5,P0069,349,825,1,Standard
D0070,34,Male,14,Divorced,50015,V0070,11,SUV,Hybrid,1.3,P0070,318,0,0,Premium
D0071,53,Male,29,Single,49009,V0071,7,Hatchback,Petrol,1.0,P0071,1025,4361,1,Premium
D0072,67,Female,50,Single,103309,V0072,5,Hatchback,Electric,1.2,P0072,2544,2485,1,Basic
D0073,57,Male,41,Divorced,82046,V0073,7,SUV,Hybrid,2.2,P0073,1773,0,0,Premium
D0074,21,Male,1,Single,46143,V0074,17,SUV,Petrol,3.2,P0074,2906,5103,1,Basic
D0075,19,Female,1,Married,26154,V0075,2,SUV,Petrol,1.2,P0075,751,0,0,Basic
D0076,23,Female,1,Widowed,41804,V0076,11,Hatchback,Petrol,1.0,P0076,2636,9962,1,Basic
D0077,71,Male,50,Married,61688,V0077,2,Truck,Petrol,4.3,P0077,1464,9332,1,Standard
D0078,59,Male,36,Widowed,84288,V0078,5,Truck,Petrol,3.9,P0078,1407,0,0,Basic
D0079,21,Male,5,Single,71195,V0079,1,Truck,Petrol,3.8,P0079,2738,0,0,Basic
D0080,71,Female,52,Married,40581,V0080,11,Hatchback,Hybrid,4.1,P0080,514,1867,1,Basic
D0081,46,Female,30,Single,72648,V0081,1,SUV,Electric,3.5,P0081,1849,4542,1,Premium
D0082,35,Female,12,Widowed,50087,V0082,5,Hatchback,Petrol,1.4,P0082,2562,6150,2,Premium
D0083,43,Female,27,Divorced,69930,V0083,16,SUV,Diesel,2.4,P0083,427,0,0,Basic
D0084,61,Male,43,Divorced,52981,V0084,2,Hatchback,Hybrid,3.5,P0084,2145,0,0,Premium
D0085,51,Female,32,Married,89298,V0085,1,Hatchback,Hybrid,2.0,P0085,1059,0,0,Premium
D0086,27,Female,4,Single,66167,V0086,19,SUV,Petrol,3.4,P0086,2751,0,0,Standard
D0087,53,Female,32,Single,95304,V0087,7,Truck,Hybrid,1.1,P0087,2115,0,0,Basic
D0088,31,Female,9,Married,63408,V0088,11,SUV,Petrol,2.1,P0088,2685,8104,1,Standard
D0089,48,Female,25,Divorced,59499,V0089,3,Sedan,Electric,2.9,P0089,660,0,0,Premium
D0090,65,Male,48,Widowed,72269,V0090,4,Sedan,Electric,3.2,P0090,868,0,0,Standard
D0091,32,Male,9,Married,58559,V0091,12,SUV,Hybrid,3.0,P0091,1715,0,0,Basic
D0092,25,Female,7,Widowed,94319,V0092,14,Hatchback,Hybrid,3.4,P0092,2565,0,0,Standard
D0093,31,Male,9,Divorced,115317,V0093,15,Sedan,Diesel,1.0,P0093,1897,0,0,Standard
D0094,40,Female,22,Single,116347,V0094,9,Sedan,Hybrid,1.4,P0094,1992,0,0,Standard
D0095,74,Female,52,Divorced,68787,V0095,15,Hatchback,Diesel,4.0,P0095,501,5731,1,Basic
D0096,57,Male,40,Married,55488,V0096,11,Hatchback,Electric,3.4,P0096,2364,3494,1,Basic
D0097,38,Male,17,Single,94441,V0097,16,Truck,Electric,1.4,P0097,2669,0,0,Premium
D0098,33,Female,15,Married,94663,V0098,15,Hatchback,Petrol,3.9,P0098,817,12188,2,Premium
D0099,62,Female,44,Married,42431,V0099,11,SUV,Electric,1.8,P0099,1648,8031,1,Basic
D0100,35,Female,11,Divorced,81681,V0100,7,SUV,Diesel,2.7,P0100,1735,15742,2,Premium
D0101,64,Male,42,Married,83483,V0101,19,Truck,Hybrid,1.5,P0101,1641,2144,1,Basic
D0102,70,Female,50,Divorced,69153,V0102,2,Sedan,Petrol,3.5,P0102,980,3644,1,Standard
D0103,41,Female,19,Single,26368,V0103,15,Sedan,Diesel,3.3,P0103,2288,742,1,Standard
D0104,43,Female,19,Divorced,47424,V0104,12,Hatchback,Hybrid,1.7,P0104,1791,0,0,Premium
D0105,42,Male,26,Single,65004,V0105,18,SUV,Petrol,4.0,P0105,724,0,0,Premium
D0106,62,Female,40,Divorced,103869,V0106,7,Sedan,Electric,2.4,P0106,2268,31076,4,Basic
D0107,58,Female,37,Widowed,108652,V0107,4,Truck,Diesel,2.0,P0107,2012,0,0,Premium
D0108,46,Male,22,Widowed,76985,V0108,19,Truck,Hybrid,1.5,P0108,2734,0,0,Basic
D0109,32,Female,16,Married,70069,V0109,7,SUV,Petrol,1.9,P0109,1077,0,0,Standard
D0110,62,Female,43,Divorced,72326,V0110,11,Truck,Petrol,1.1,P0110,2445,0,0,Standard
D0111,18,Male,1,Divorced,101061,V0111,0,Truck,Electric,3.0,P0111,2126,0,0,Standard
D0112,42,Female,23,Single,43398,V0112,19,SUV,Hybrid,3.9,P0112,507,0,0,Basic
D0113,24,Male,6,Married,118393,V0113,5,Hatchback,Electric,2.9,P0113,1837,0,0,Premium
D0114,26,Male,2,Divorced,70861,V0114,17,Hatchback,Electric,1.8,P0114,1959,0,0,Basic
D0115,41,Female,24,Married,95897,V0115,7,Truck,Hybrid,1.1,P0115,2933,0,0,Basic
D0116,18,Female,1,Widowed,101905,V0116,6,Hatchback,Hybrid,1.8,P0116,2513,13617,3,Standard
D0117,61,Female,40,Divorced,88577,V0117,0,Hatchback,Hybrid,2.5,P0117,321,0,0,Standard
D0118,25,Female,8,Divorced,85641,V0118,15,Truck,Diesel,3.7,P0118,453,8477,1,Premium
D0119,41,Male,18,Married,29078,V0119,11,Hatchback,Hybrid,1.7,P0119,2262,0,0,Basic
D0120,28,Female,5,Divorced,45003,V0120,5,Truck,Petrol,3.5,P0120,518,0,0,Basic
D0121,68,Male,52,Married,82768,V0121,19,Sedan,Electric,4.0,P0121,968,0,0,Premium
D0122,34,Female,16,Divorced,71047,V0122,1,SUV,Diesel,2.6,P0122,1818,0,0,Standard
D0123,25,Female,1,Single,91626,V0123,13,SUV,Hybrid,3.9,P0123,2577,0,0,Basic
D0124,52,Female,32,Married,77660,V0124,3,Hatchback,Diesel,2.9,P0124,2367,7744,1,Standard
D0125,52,Male,31,Divorced,69786,V0125,0,Hatchback,Hybrid,3.2,P0125,2900,0,0,Standard
D0126,50,Female,31,Widowed,21925,V0126,17,Hatchback,Diesel,2.8,P0126,1249,4732,1,Standard
D0127,22,Female,5,Divorced,103976,V0127,12,SUV,Electric,2.6,P0127,2495,0,0,Standard
D0128,59,Female,36,Widowed,46015,V0128,1,Sedan,Electric,1.8,P0128,702,3299,1,Premium
D0129,56,Female,35,Widowed,53320,V0129,8,Sedan,Petrol,2.1,P0129,895,0,0,Premium
D0130,58,Male,38,Single,84881,V0130,1,SUV,Petrol,2.0,P0130,2714,0,0,Standard
D0131,45,Female,21,Married,110827,V0131,8,Sedan,Hybrid,3.0,P0131,1737,0,0,Basic
D0132,24,Male,8,Divorced,46289,V0132,0,SUV,Electric,1.4,P0132,1457,0,0,Premium
D0133,26,Male,6,Single,23389,V0133,10,Sedan,Diesel,4.2,P0133,2042,2302,1,Standard
D0134,25,Male,4,Divorced,45683,V0134,2,Truck,Diesel,3.5,P0134,1606,0,0,Standard
D0135,29,Male,9,Widowed,33629,V0135,19,Truck,Diesel,2.4,P0135,372,0,0,Basic
D0136,51,Male,30,Married,81550,V0136,3,SUV,Petrol,1.6,P0136,780,0,0,Premium
D0137,50,Male,29,Divorced,44826,V0137,17,Sedan,Diesel,4.1,P0137,859,1441,1,Standard
D0138,65,Female,43,Divorced,46630,V0138,5,Hatchback,Petrol,3.9,P0138,1044,0,0,Basic
D0139,72,Male,53,Widowed,118762,V0139,2,Sedan,Petrol,3.5,P0139,1766,0,0,Standard
D0140,40,Male,17,Divorced,66163,V0140,10,Truck,Hybrid,2.0,P0140,399,0,0,Premium
D0141,41,Male,19,Divorced,118511,V0141,14,Truck,Diesel,2.4,P0141,1382,0,0,Basic
D0142,54,Female,30,Widowed,86435,V0142,4,Sedan,Diesel,1.4,P0142,2855,6196,1,Premium
D0143,52,Female,30,Single,31653,V0143,19,Sedan,Electric,1.7,P0143,2605,0,0,Standard
D0144,61,Male,43,Widowed,47961,V0144,9,Hatchback,Hybrid,3.7,P0144,712,0,0,Standard
D0145,57,Female,39,Single,101941,V0145,11,Hatchback,Electric,3.5,P0145,1388,2466,1,Basic
D0146,39,Male,16,Married,94137,V0146,14,Sedan,Hybrid,3.1,P0146,2942,875,1,Basic
D0147,44,Male,24,Single,53662,V0147,16,Sedan,Diesel,4.1,P0147,1477,762,1,Premium
D0148,52,Female,33,Single,118818,V0148,9,Sedan,Petrol,3.0,P0148,2308,0,0,Basic
D0149,18,Male,1,Married,76446,V0149,5,Sedan,Petrol,2.6,P0149,2613,21006,3,Standard
D0150,52,Female,31,Single,41288,V0150,17,SUV,Petrol,2.2,P0150,1120,0,0,Basic
D0151,54,Female,37,Widowed,115081,V0151,12,Sedan,Petrol,4.3,P0151,961,0,0,Basic
D0152,64,Male,45,Single,56877,V0152,2,Hatchback,Petrol,1.3,P0152,859,8606,1,Basic
D0153,31,Male,12,Married,35313,V0153,9,Truck,Electric,4.3,P0153,1571,0,0,Standard
D0154,20,Female,1,Widowed,100885,V0154,13,SUV,Hybrid,3.9,P0154,2113,6040,1,Premium
D0155,18,Male,1,Married,92715,V0155,5,Sedan,Diesel,1.5,P0155,909,4392,1,Basic
D0156,22,Male,6,Married,30326,V0156,2,Truck,Electric,3.0,P0156,2761,0,0,Basic
D0157,43,Male,20,Divorced,21560,V0157,15,SUV,Hybrid,4.0,P0157,324,0,0,Basic
D0158,72,Female,51,Divorced,99148,V0158,6,Truck,Petrol,3.0,P0158,2328,2412,1,Standard
D0159,31,Female,13,Married,103186,V0159,19,Sedan,Hybrid,4.2,P0159,583,0,0,Standard
D0160,56,Male,32,Married,46745,V0160,13,Sedan,Hybrid,4.3,P0160,1772,9292,1,Premium
D0161,44,Female,27,Married,51890,V0161,8,Hatchback,Petrol,2.5,P0161,600,0,0,Standard
D0162,26,Female,3,Divorced,40022,V0162,14,Sedan,Petrol,2.3,P0162,1391,0,0,Standard
D0163,32,Female,14,Divorced,72579,V0163,2,Sedan,Petrol,4.3,P0163,1330,0,0,Basic
D0164,32,Female,12,Single,90316,V0164,1,SUV,Diesel,3.4,P0164,1116,9790,1,Premium
D0165,43,Female,22,Single,103847,V0165,1,Hatchback,Petrol,1.4,P0165,382,0,0,Basic
D0166,59,Male,38,Married,48380,V0166,2,SUV,Diesel,1.1,P0166,2220,0,0,Basic
D0167,30,Male,11,Widowed,22356,V0167,17,Truck,Petrol,3.0,P0167,2393,9057,1,Standard
D0168,68,Male,50,Widowed,90326,V0168,13,Sedan,Diesel,4.3,P0168,917,0,0,Standard
D0169,49,Female,30,Divorced,112447,V0169,19,Truck,Hybrid,4.0,P0169,2609,0,0,Standard
D0170,56,Female,40,Divorced,109899,V0170,17,SUV,Electric,3.4,P0170,475,0,0,Standard
D0171,66,Male,47,Divorced,40049,V0171,9,Sedan,Hybrid,1.5,P0171,1489,0,0,Standard
D0172,69,Female,53,Married,95717,V0172,1,Sedan,Hybrid,1.9,P0172,1141,0,0,Basic
D0173,49,Male,33,Widowed,36082,V0173,0,SUV,Petrol,4.1,P0173,669,9004,1,Premium
D0174,21,Male,1,Single,20661,V0174,3,SUV,Diesel,1.6,P0174,2118,10266,2,Standard
D0175,47,Male,27,Married,57412,V0175,13,SUV,Electric,2.0,P0175,2401,0,0,Standard
D0176,54,Female,35,Single,22920,V0176,0,SUV,Petrol,1.5,P0176,989,0,0,Standard
D0177,40,Female,22,Single,111194,V0177,13,SUV,Petrol,3.4,P0177,2079,7508,1,Basic
D0178,56,Male,40,Married,80315,V0178,15,Sedan,Petrol,4.3,P0178,1664,0,0,Standard
D0179,62,Male,41,Single,99561,V0179,13,SUV,Hybrid,1.9,P0179,1732,0,0,Standard
D0180,32,Male,15,Widowed,28946,V0180,19,Sedan,Diesel,2.7,P0180,666,18978,2,Basic
D0181,60,Male,37,Single,114242,V0181,2,Sedan,Diesel,3.2,P0181,943,4943,1,Standard
D0182,46,Female,26,Widowed,65500,V0182,2,SUV,Electric,4.5,P0182,2726,0,0,Premium
D0183,53,Female,31,Widowed,36309,V0183,8,SUV,Diesel,1.4,P0183,372,2273,1,Standard
D0184,30,Male,13,Widowed,75230,V0184,5,Hatchback,Diesel,2.7,P0184,1571,0,0,Premium
D0185,49,Male,26,Divorced,118656,V0185,12,Sedan,Petrol,2.3,P0185,1159,0,0,Basic
D0186,24,Female,7,Single,50027,V0186,1,SUV,Petrol,4.0,P0186,342,10560,2,Basic
D0187,68,Female,49,Married,92541,V0187,7,SUV,Hybrid,2.7,P0187,2724,1446,1,Basic
D0188,39,Male,23,Married,79321,V0188,1,SUV,Petrol,1.4,P0188,1364,0,0,Standard
D0189,45,Male,25,Single,20956,V0189,3,Hatchback,Petrol,3.2,P0189,2517,0,0,Basic
D0190,19,Male,1,Divorced,94131,V0190,14,Hatchback,Petrol,3.7,P0190,2559,0,0,Basic
D0191,59,Female,43,Divorced,67908,V0191,3,Truck,Petrol,1.0,P0191,1816,0,0,Premium
D0192,62,Female,38,Widowed,98339,V0192,12,Sedan,Hybrid,4.0,P0192,2386,6860,1,Premium
D0193,74,Female,51,Single,45963,V0193,11,Truck,Petrol,1.7,P0193,668,0,0,Standard
D0194,70,Male,49,Single,59443,V0194,12,SUV,Electric,2.9,P0194,450,0,0,Basic
D0195,23,Male,1,Married,119259,V0195,13,Hatchback,Electric,2.5,P0195,1434,0,0,Basic
D0196,45,Female,27,Single,59063,V0196,19,Hatchback,Electric,3.5,P0196,1803,1964,1,Basic
D0197,45,Female,29,Divorced,100818,V0197,17,Truck,Electric,2.3,P0197,1759,0,0,Standard
D0198,61,Male,41,Single,24703,V0198,5,Hatchback,Petrol,4.0,P0198,1370,6115,1,Premium
D0199,61,Female,44,Married,85128,V0199,10,SUV,Electric,3.6,P0199,1323,0,0,Standard
D0200,37,Female,17,Widowed,92099,V0200,1,Hatchback,Petrol,3.3,P0200,1898,0,0,Basic
D0201,47,Male,24,Married,45849,V0201,18,Truck,Hybrid,3.8,P0201,2340,0,0,Standard
D0202,28,Female,4,Married,51860,V0202,18,SUV,Electric,3.6,P0202,1689,12734,2,Basic
D0203,72,Male,55,Widowed,51585,V0203,4,Truck,Diesel,1.1,P0203,368,1711,1,Basic
D0204,45,Male,27,Married,42015,V0204,18,Hatchback,Electric,2.4,P0204,2646,0,0,Standard
D0205,42,Male,24,Married,97539,V0205,1,Truck,Electric,4.3,P0205,1243,0,0,Standard
D0206,56,Male,40,Single,63585,V0206,9,Truck,Petrol,1.4,P0206,1101,0,0,Basic
D0207,50,Male,27,Single,46958,V0207,1,Sedan,Electric,3.6,P0207,2643,0,0,Basic
D0208,18,Male,1,Widowed,46017,V0208,10,Hatchback,Diesel,4.4,P0208,2550,9193,1,Premium
D0209,74,Male,51,Single,96707,V0209,17,Hatchback,Petrol,1.2,P0209,360,0,0,Basic
D0210,44,Female,20,Single,65350,V0210,14,Truck,Petrol,3.4,P0210,1245,0,0,Basic
D0211,74,Male,54,Married,32201,V0211,8,Sedan,Hybrid,2.6,P0211,1637,0,0,Basic
D0212,69,Male,51,Divorced,49426,V0212,18,Hatchback,Hybrid,3.0,P0212,1484,0,0,Basic
D0213,30,Female,10,Single,37778,V0213,8,SUV,Electric,1.3,P0213,630,0,0,Basic
D0214,58,Female,38,Divorced,65241,V0214,2,Truck,Hybrid,1.2,P0214,1851,0,0,Premium
D0215,20,Female,1,Single,62229,V0215,8,Hatchback,Hybrid,3.3,P0215,637,2839,1,Basic
D0216,56,Male,38,Single,106652,V0216,13,SUV,Hybrid,3.9,P0216,1929,0,0,Standard
D0217,23,Female,4,Widowed,68364,V0217,18,Hatchback,Petrol,3.7,P0217,1627,0,0,Standard
D0218,25,Male,1,Widowed,118833,V0218,6,SUV,Petrol,2.9,P0218,1826,0,0,Standard
D0219,44,Male,20,Widowed,104878,V0219,15,Truck,Petrol,1.3,P0219,1973,0,0,Premium
D0220,26,Male,9,Divorced,77056,V0220,15,Hatchback,Hybrid,3.4,P0220,1661,5775,1,Premium
D0221,54,Male,31,Married,47490,V0221,0,Hatchback,Petrol,1.8,P0221,1873,1007,1,Basic
D0222,50,Female,27,Single,39975,V0222,3,Sedan,Hybrid,4.2,P0222,2986,0,0,Standard
D0223,68,Female,46,Single,46723,V0223,3,Truck,Petrol,3.9,P0223,574,0,0,Standard
D0224,59,Male,36,Single,43279,V0224,6,SUV,Petrol,3.5,P0224,1487,7854,1,Premium
D0225,61,Male,43,Divorced,98301,V0225,7,Hatchback,Diesel,4.3,P0225,2666,5016,1,Standard
D0226,41,Male,20,Widowed,31561,V0226,16,Hatchback,Electric,1.1,P0226,2936,4122,1,Premium
D0227,32,Female,16,Married,86061,V0227,4,SUV,Hybrid,3.6,P0227,2851,4899,1,Standard
D0228,71,Male,49,Divorced,108397,V0228,6,Truck,Diesel,2.2,P0228,2734,5537,1,Basic
D0229,49,Male,33,Widowed,69153,V0229,19,Sedan,Petrol,4.2,P0229,2293,0,0,Standard
D0230,49,Female,25,Divorced,53142,V0230,19,Sedan,Hybrid,1.9,P0230,1169,0,0,Premium
D0231,41,Female,25,Married,46916,V0231,3,Hatchback,Petrol,3.5,P0231,1314,8337,1,Premium
D0232,58,Male,42,Widowed,84324,V0232,5,SUV,Electric,4.1,P0232,2211,1801,1,Basic
D0233,69,Female,47,Divorced,64965,V0233,6,Hatchback,Diesel,1.1,P0233,902,0,0,Standard
D0234,66,Female,49,Married,24648,V0234,17,SUV,Electric,2.4,P0234,2099,0,0,Basic
D0235,66,Male,46,Single,55133,V0235,4,Sedan,Diesel,3.7,P0235,990,5310,2,Basic
D0236,69,Female,46,Married,70677,V0236,19,Truck,Petrol,2.6,P0236,793,0,0,Standard
D0237,29,Male,6,Single,116059,V0237,2,SUV,Electric,1.9,P0237,789,6865,1,Basic
D0238,56,Female,38,Divorced,114588,V0238,6,Sedan,Electric,1.8,P0238,2856,0,0,Premium
D0239,19,Male,1,Widowed,119950,V0239,13,Hatchback,Petrol,1.5,P0239,689,5934,3,Basic
D0240,20,Male,2,Widowed,118317,V0240,6,SUV,Electric,4.0,P0240,594,0,0,Premium
D0241,66,Male,45,Divorced,90135,V0241,4,Truck,Hybrid,3.0,P0241,1692,0,0,Basic
D0242,54,Female,33,Widowed,55046,V0242,4,Hatchback,Diesel,1.3,P0242,2017,941,1,Basic
D0243,66,Male,48,Widowed,67064,V0243,1,Hatchback,Diesel,2.3,P0243,2896,3146,1,Basic
D0244,73,Female,51,Single,89350,V0244,5,Sedan,Diesel,2.3,P0244,948,11418,2,Basic
D0245,34,Male,16,Divorced,65893,V0245,14,SUV,Hybrid,1.6,P0245,2173,0,0,Basic
D0246,66,Male,43,Married,81272,V0246,9,Hatchback,Diesel,2.5,P0246,867,0,0,Basic
D0247,19,Female,1,Single,112152,V0247,6,Truck,Petrol,2.2,P0247,744,0,0,Standard
D0248,19,Male,3,Divorced,87649,V0248,4,SUV,Electric,2.2,P0248,662,0,0,Basic
D0249,45,Male,26,Single,84674,V0249,0,Truck,Hybrid,3.6,P0249,2470,0,0,Standard
D0250,71,Female,49,Married,33760,V0250,12,Hatchback,Diesel,1.8,P0250,1511,19632,2,Basic
D0251,40,Male,21,Married,41927,V0251,17,Truck,Petrol,3.2,P0251,1041,0,0,Premium
D0252,54,Male,33,Divorced,106475,V0252,12,Sedan,Electric,3.0,P0252,2341,5976,1,Premium
D0253,49,Male,25,Married,81367,V0253,17,Truck,Electric,3.0,P0253,979,0,0,Standard
D0254,50,Male,34,Single,117955,V0254,4,SUV,Hybrid,3.3,P0254,2767,0,0,Basic
D0255,18,Female,1,Married,32588,V0255,12,Truck,Hybrid,2.9,P0255,1942,0,0,Basic
D0256,36,Female,14,Single,72233,V0256,3,Truck,Hybrid,4.1,P0256,1872,0,0,Premium
D0257,19,Male,3,Single,64738,V0257,16,Sedan,Petrol,3.4,P0257,1658,8297,1,Basic
D0258,70,Female,51,Married,53397,V0258,2,Truck,Petrol,2.9,P0258,2439,0,0,Basic
D0259,61,Male,40,Divorced,102189,V0259,16,Truck,Hybrid,3.9,P0259,362,0,0,Basic
D0260,43,Female,26,Widowed,96367,V0260,10,Hatchback,Diesel,3.1,P0260,2859,0,0,Basic
D0261,49,Male,29,Married,91260,V0261,19,Hatchback,Electric,2.0,P0261,1462,1404,1,Basic
D0262,23,Male,7,Single,96619,V0262,3,SUV,Electric,1.7,P0262,1528,1769,1,Standard
D0263,49,Male,28,Single,39816,V0263,1,Hatchback,Petrol,1.5,P0263,555,1808,2,Basic
D0264,72,Male,51,Married,62240,V0264,19,Hatchback,Electric,4.1,P0264,434,0,0,Standard
D0265,21,Male,2,Divorced,26276,V0265,15,Hatchback,Diesel,3.5,P0265,1174,0,0,Basic
D0266,72,Male,49,Divorced,99530,V0266,17,Hatchback,Electric,4.3,P0266,1121,0,0,Basic
D0267,28,Female,9,Single,43499,V0267,7,Sedan,Petrol,3.1,P0267,2435,2225,1,Premium
D0268,73,Male,50,Single,108576,V0268,2,Hatchback,Petrol,2.7,P0268,1122,0,0,Basic
D0269,34,Female,11,Divorced,102495,V0269,8,Sedan,Diesel,1.2,P0269,1273,18933,3,Premium
D0270,55,Male,35,Widowed,91635,V0270,19,Sedan,Diesel,3.4,P0270,2077,6106,1,Standard
D0271,41,Female,22,Married,105112,V0271,5,Hatchback,Electric,3.0,P0271,420,0,0,Basic
D0272,22,Female,5,Single,55946,V0272,9,Truck,Electric,4.5,P0272,1937,0,0,Premium
D0273,69,Female,51,Single,75204,V0273,9,Sedan,Petrol,1.8,P0273,1664,0,0,Basic
D0274,51,Male,33,Divorced,71886,V0274,12,Truck,Diesel,2.9,P0274,1307,0,0,Premium
D0275,23,Male,4,Married,91652,V0275,16,Truck,Diesel,3.3,P0275,1224,9850,1,Basic
D0276,39,Female,20,Divorced,35563,V0276,8,Hatchback,Diesel,3.3,P0276,944,921,1,Premium
D0277,28,Male,8,Married,112324,V0277,16,SUV,Electric,3.0,P0277,2332,0,0,Basic
D0278,65,Female,46,Married,112464,V0278,8,Hatchback,Diesel,3.7,P0278,2368,0,0,Standard
D0279,33,Male,10,Married,29847,V0279,8,SUV,Petrol,1.7,P0279,541,0,0,Standard
D0280,50,Female,29,Single,46155,V0280,0,SUV,Petrol,3.5,P0280,2802,0,0,Premium
D0281,26,Female,5,Widowed,99671,V0281,1,Hatchback,Electric,3.2,P0281,2968,0,0,Premium
D0282,23,Male,1,Divorced,103310,V0282,15,Hatchback,Hybrid,4.1,P0282,2650,0,0,Premium
D0283,33,Female,11,Widowed,87278,V0283,0,SUV,Electric,4.0,P0283,1919,0,0,Premium
D0284,46,Male,23,Divorced,38309,V0284,9,Hatchback,Hybrid,2.1,P0284,1102,0,0,Basic
D0285,20,Female,3,Married,20619,V0285,17,SUV,Diesel,2.0,P0285,1263,2681,1,Basic
D0286,37,Female,13,Single,103194,V0286,7,Truck,Electric,4.4,P0286,368,3596,1,Basic
D0287,53,Male,37,Widowed,70108,V0287,10,Hatchback,Petrol,2.8,P0287,1452,14292,2,Basic
D0288,36,Male,13,Single,54707,V0288,1,Truck,Diesel,4.2,P0288,495,6382,1,Basic
D0289,43,Male,24,Divorced,40337,V0289,7,Sedan,Petrol,1.6,P0289,2487,0,0,Standard
D0290,20,Female,1,Single,101537,V0290,7,Truck,Diesel,3.2,P0290,2630,0,0,Basic
D0291,36,Male,16,Single,86504,V0291,16,Truck,Electric,3.8,P0291,2659,0,0,Standard
D0292,37,Female,14,Widowed,67614,V0292,14,SUV,Hybrid,4.3,P0292,1045,17822,2,Basic
D0293,49,Female,29,Married,111428,V0293,16,Truck,Diesel,2.2,P0293,1988,0,0,Basic
D0294,24,Male,1,Single,111155,V0294,12,Hatchback,Hybrid,3.5,P0294,576,0,0,Standard
D0295,69,Male,53,Married,20281,V0295,18,SUV,Diesel,2.9,P0295,360,0,0,Standard
D0296,58,Female,34,Divorced,47420,V0296,4,Sedan,Petrol,1.2,P0296,2213,7059,1,Standard
D0297,50,Female,29,Single,100896,V0297,11,Hatchback,Petrol,3.4,P0297,2399,0,0,Standard
D0298,57,Male,39,Widowed,59030,V0298,0,Sedan,Diesel,3.4,P0298,2500,0,0,Basic
D0299,56,Male,33,Divorced,21058,V0299,4,Truck,Hybrid,4.3,P0299,2072,6173,1,Standard
D0300,35,Male,11,Divorced,106213,V0300,7,Hatchback,Electric,2.7,P0300,1634,3624,1,Basic
D0301,57,Male,36,Widowed,96260,V0301,12,Hatchback,Electric,1.8,P0301,2137,0,0,Basic
D0302,18,Male,1,Single,48404,V0302,7,Sedan,Petrol,1.2,P0302,2891,0,0,Standard
D0303,28,Female,12,Single,49856,V0303,10,Hatchback,Electric,2.5,P0303,866,0,0,Basic
D0304,45,Female,25,Divorced,29200,V0304,0,Hatchback,Petrol,2.1,P0304,1871,0,0,Basic
D0305,74,Female,54,Single,84178,V0305,12,Hatchback,Electric,3.7,P0305,921,25902,3,Premium
D0306,42,Female,23,Married,53997,V0306,18,Truck,Diesel,2.2,P0306,2325,1424,1,Premium
D0307,67,Male,46,Widowed,45611,V0307,2,Sedan,Petrol,4.3,P0307,1500,0,0,Basic
D0308,40,Male,18,Married,61235,V0308,16,Hatchback,Petrol,4.4,P0308,613,0,0,Basic
D0309,48,Male,24,Single,55057,V0309,4,SUV,Diesel,3.2,P0309,2444,0,0,Basic
D0310,47,Female,31,Divorced,21239,V0310,19,SUV,Petrol,4.3,P0310,1536,8720,1,Basic
D0311,59,Female,38,Widowed,85661,V0311,7,SUV,Electric,3.7,P0311,436,0,0,Premium
D0312,52,Male,30,Single,65272,V0312,13,SUV,Electric,2.9,P0312,1329,6015,1,Basic
D0313,24,Male,6,Single,109393,V0313,3,Truck,Petrol,1.6,P0313,2456,0,0,Standard
D0314,33,Female,10,Divorced,81212,V0314,10,Hatchback,Electric,2.6,P0314,2894,0,0,Basic
D0315,43,Female,23,Divorced,35398,V0315,19,Sedan,Hybrid,3.0,P0315,961,2176,2,Premium
D0316,65,Male,41,Married,76503,V0316,14,Hatchback,Petrol,4.0,P0316,2772,0,0,Basic
D0317,74,Male,54,Widowed,26638,V0317,18,Truck,Diesel,2.7,P0317,2977,0,0,Standard
D0318,69,Female,45,Widowed,26570,V0318,6,SUV,Hybrid,4.1,P0318,2608,7163,1,Basic
D0319,66,Male,47,Divorced,88785,V0319,18,Truck,Petrol,3.4,P0319,386,0,0,Standard
D0320,19,Male,1,Married,29110,V0320,18,Hatchback,Diesel,1.5,P0320,2812,0,0,Basic
D0321,18,Male,1,Widowed,99141,V0321,10,Sedan,Electric,4.5,P0321,2423,0,0,Basic
D0322,65,Female,41,Divorced,32115,V0322,4,Truck,Diesel,2.8,P0322,2818,0,0,Premium
D0323,29,Female,11,Single,59062,V0323,4,Sedan,Hybrid,2.4,P0323,2761,1056,1,Premium
D0324,22,Female,3,Widowed,42911,V0324,7,Truck,Electric,3.3,P0324,2804,0,0,Premium
D0325,54,Female,30,Married,52556,V0325,9,Sedan,Petrol,1.4,P0325,1608,11904,2,Standard
D0326,49,Female,28,Married,98131,V0326,5,Sedan,Electric,3.2,P0326,2000,0,0,Premium
D0327,72,Female,55,Married,21969,V0327,14,SUV,Petrol,2.7,P0327,794,0,0,Basic
D0328,26,Female,4,Single,63753,V0328,15,Sedan,Petrol,2.4,P0328,1947,6977,1,Basic
D0329,58,Male,41,Widowed,102811,V0329,16,SUV,Diesel,4.3,P0329,2242,16000,2,Basic
D0330,52,Male,35,Widowed,24470,V0330,7,Hatchback,Diesel,2.8,P0330,1368,0,0,Standard
D0331,36,Male,20,Single,30225,V0331,7,Hatchback,Diesel,1.8,P0331,1724,0,0,Basic
D0332,65,Male,47,Widowed,43196,V0332,8,SUV,Hybrid,2.6,P0332,896,0,0,Basic
D0333,33,Male,12,Single,33669,V0333,1,SUV,Hybrid,4.2,P0333,749,0,0,Standard
D0334,20,Male,1,Single,57380,V0334,14,Truck,Diesel,1.6,P0334,784,9642,2,Premium
D0335,37,Male,13,Single,68320,V0335,17,Truck,Hybrid,1.7,P0335,945,3996,1,Basic
D0336,41,Female,19,Married,67414,V0336,2,Truck,Electric,1.0,P0336,2967,0,0,Basic
D0337,71,Female,52,Widowed,35577,V0337,16,Hatchback,Electric,1.0,P0337,1929,0,0,Basic
D0338,73,Male,52,Single,108009,V0338,3,Truck,Hybrid,3.9,P0338,961,2813,1,Basic
D0339,50,Male,30,Widowed,75409,V0339,3,Sedan,Hybrid,3.6,P0339,1057,1731,1,Basic
D0340,41,Female,18,Married,48625,V0340,13,Sedan,Electric,2.2,P0340,588,0,0,Standard
D0341,69,Male,53,Single,101040,V0341,8,Truck,Petrol,3.4,P0341,1020,0,0,Standard
D0342,28,Male,12,Divorced,44089,V0342,8,Sedan,Electric,2.4,P0342,937,0,0,Standard
D0343,66,Female,45,Married,56487,V0343,17,Hatchback,Electric,4.3,P0343,2582,9112,2,Basic
D0344,25,Male,8,Divorced,85838,V0344,9,Sedan,Hybrid,4.4,P0344,2763,0,0,Premium
D0345,53,Female,33,Widowed,116999,V0345,3,Hatchback,Electric,2.4,P0345,798,0,0,Basic
D0346,55,Male,39,Widowed,114795,V0346,11,SUV,Hybrid,4.0,P0346,933,0,0,Standard
D0347,57,Female,35,Married,70138,V0347,7,SUV,Hybrid,3.7,P0347,1973,0,0,Premium
D0348,37,Female,21,Widowed,62823,V0348,1,SUV,Diesel,2.1,P0348,2330,0,0,Basic
D0349,52,Female,33,Divorced,57208,V0349,12,SUV,Electric,1.8,P0349,414,3436,1,Basic
D0350,65,Male,41,Single,74061,V0350,15,Sedan,Petrol,2.6,P0350,973,0,0,Premium
D0351,42,Female,26,Single,50659,V0351,1,Truck,Diesel,3.7,P0351,2036,0,0,Basic
D0352,52,Male,33,Single,51890,V0352,10,Sedan,Hybrid,4.4,P0352,1557,0,0,Standard
D0353,42,Male,21,Married,99134,V0353,9,Hatchback,Hybrid,3.7,P0353,2553,0,0,Basic
D0354,46,Male,25,Widowed,67055,V0354,14,Sedan,Petrol,4.0,P0354,2594,2319,1,Standard
D0355,35,Male,12,Divorced,39508,V0355,16,Sedan,Hybrid,3.1,P0355,446,0,0,Basic
D0356,63,Female,47,Widowed,62287,V0356,7,Hatchback,Electric,3.9,P0356,2465,0,0,Basic
D0357,35,Female,13,Widowed,98916,V0357,17,SUV,Diesel,3.7,P0357,711,2726,1,Standard
D0358,19,Male,3,Widowed,46984,V0358,8,SUV,Hybrid,2.3,P0358,1987,0,0,Basic
D0359,71,Male,49,Single,28125,V0359,7,SUV,Hybrid,2.9,P0359,2710,0,0,Basic
D0360,52,Female,34,Divorced,56059,V0360,13,Truck,Petrol,3.8,P0360,1832,13560,2,Basic
D0361,33,Male,10,Divorced,89569,V0361,17,Hatchback,Electric,1.2,P0361,436,23205,3,Basic
D0362,58,Female,40,Widowed,37087,V0362,19,Hatchback,Hybrid,3.8,P0362,318,1313,1,Basic
D0363,53,Male,37,Single,25704,V0363,19,Sedan,Petrol,1.6,P0363,2542,5589,1,Basic
D0364,50,Male,27,Single,80576,V0364,11,Truck,Hybrid,2.8,P0364,2677,2531,1,Premium
D0365,21,Female,3,Divorced,93384,V0365,18,SUV,Petrol,3.8,P0365,2259,9014,1,Basic
D0366,50,Male,33,Single,107128,V0366,13,Truck,Petrol,1.9,P0366,2522,0,0,Standard
D0367,31,Female,15,Single,92460,V0367,16,Hatchback,Electric,1.9,P0367,1301,6411,1,Basic
D0368,38,Male,20,Single,47208,V0368,2,Hatchback,Hybrid,2.4,P0368,748,3153,1,Basic
D0369,65,Male,48,Married,105150,V0369,6,Sedan,Electric,4.1,P0369,2248,0,0,Premium
D0370,37,Male,20,Widowed,86024,V0370,16,Sedan,Petrol,1.0,P0370,1245,8376,1,Basic
D0371,73,Female,52,Divorced,59882,V0371,11,Hatchback,Diesel,4.2,P0371,1677,1641,1,Premium
D0372,25,Male,9,Divorced,45923,V0372,8,SUV,Hybrid,1.5,P0372,1822,0,0,Basic
D0373,24,Male,7,Married,49165,V0373,14,SUV,Diesel,4.5,P0373,440,0,0,Standard
D0374,20,Male,1,Widowed,87203,V0374,17,Truck,Hybrid,4.3,P0374,2220,0,0,Standard
D0375,34,Male,16,Divorced,111749,V0375,12,Hatchback,Electric,2.7,P0375,392,0,0,Premium
D0376,50,Female,31,Single,24114,V0376,7,Hatchback,Electric,2.8,P0376,538,0,0,Standard
D0377,65,Female,49,Divorced,84965,V0377,13,SUV,Electric,2.7,P0377,504,0,0,Standard
D0378,29,Male,6,Single,56321,V0378,7,SUV,Electric,3.2,P0378,2907,0,0,Basic
D0379,68,Female,46,Married,93297,V0379,13,Hatchback,Electric,1.3,P0379,1756,10366,2,Basic
D0380,39,Male,17,Single,116652,V0380,6,Sedan,Diesel,1.1,P0380,544,994,1,Premium
D0381,72,Male,54,Divorced,119304,V0381,11,Hatchback,Electric,1.2,P0381,1131,7616,1,Basic
D0382,39,Male,21,Divorced,45426,V0382,10,Hatchback,Petrol,2.6,P0382,594,2284,1,Basic
D0383,63,Female,46,Divorced,37772,V0383,10,SUV,Petrol,2.0,P0383,2987,4010,1,Standard
D0384,47,Female,31,Married,23712,V0384,12,SUV,Diesel,3.2,P0384,1155,4286,1,Basic
D0385,55,Female,33,Married,21367,V0385,17,Sedan,Hybrid,4.5,P0385,2364,0,0,Premium
D0386,55,Female,33,Widowed,111736,V0386,1,Sedan,Petrol,2.4,P0386,370,9690,1,Standard
D0387,62,Female,45,Divorced,71924,V0387,14,Truck,Hybrid,3.0,P0387,1592,0,0,Standard
D0388,68,Female,46,Single,23726,V0388,19,Hatchback,Diesel,2.5,P0388,1648,7181,1,Premium
D0389,71,Female,48,Married,109152,V0389,17,SUV,Hybrid,4.0,P0389,604,7393,1,Basic
D0390,25,Female,9,Divorced,47723,V0390,14,Sedan,Hybrid,4.2,P0390,1330,0,0,Basic
D0391,44,Female,20,Divorced,29108,V0391,18,Truck,Hybrid,4.1,P0391,1637,0,0,Standard
D0392,44,Male,22,Married,97714,V0392,11,Truck,Hybrid,4.4,P0392,1116,0,0,Basic
D0393,51,Female,33,Widowed,55643,V0393,12,SUV,Diesel,1.1,P0393,1426,0,0,Standard
D0394,38,Female,15,Married,51324,V0394,10,SUV,Petrol,3.9,P0394,1120,0,0,Premium
D0395,47,Female,25,Married,103360,V0395,4,Truck,Electric,3.6,P0395,492,0,0,Standard
D0396,50,Female,27,Single,28927,V0396,0,Sedan,Hybrid,1.8,P0396,2076,10068,2,Basic
D0397,45,Female,24,Single,113680,V0397,2,Truck,Petrol,4.3,P0397,828,0,0,Premium
D0398,64,Female,40,Widowed,116546,V0398,18,Hatchback,Petrol,1.5,P0398,2518,0,0,Standard
D0399,50,Female,30,Divorced,42443,V0399,6,Hatchback,Diesel,3.4,P0399,550,0,0,Standard
D0400,22,Female,4,Married,99973,V0400,11,SUV,Petrol,1.8,P0400,2088,3462,1,Basic
D0401,65,Female,47,Widowed,83449,V0401,14,Sedan,Diesel,2.5,P0401,2888,0,0,Premium
D0402,36,Female,20,Single,96743,V0402,4,Sedan,Hybrid,3.5,P0402,2326,0,0,Standard
D0403,21,Female,1,Married,80233,V0403,14,Hatchback,Hybrid,3.0,P0403,2763,0,0,Standard
D0404,52,Male,35,Divorced,45537,V0404,7,Truck,Electric,2.5,P0404,1703,15408,2,Premium
D0405,66,Male,48,Single,97576,V0405,9,SUV,Electric,2.1,P0405,1467,0,0,Basic
D0406,34,Female,11,Single,42612,V0406,15,Truck,Electric,3.9,P0406,2372,1252,2,Standard
D0407,61,Female,38,Single,113977,V0407,7,Truck,Petrol,1.5,P0407,1396,0,0,Premium
D0408,45,Male,26,Widowed,26471,V0408,0,Truck,Hybrid,2.5,P0408,2979,0,0,Basic
D0409,47,Female,28,Divorced,55631,V0409,11,Sedan,Diesel,4.2,P0409,2147,0,0,Standard
D0410,46,Male,26,Married,112059,V0410,4,Hatchback,Electric,4.0,P0410,804,0,0,Premium
D0411,63,Male,42,Widowed,51348,V0411,2,Sedan,Diesel,2.4,P0411,1921,0,0,Standard
D0412,70,Male,50,Widowed,84732,V0412,0,Hatchback,Diesel,3.7,P0412,2683,0,0,Standard
D0413,23,Male,1,Widowed,21177,V0413,3,SUV,Electric,3.9,P0413,2772,0,0,Premium
D0414,52,Male,35,Single,24760,V0414,7,SUV,Hybrid,4.1,P0414,2846,7183,1,Premium
D0415,58,Female,36,Divorced,52779,V0415,2,Truck,Electric,2.9,P0415,1687,0,0,Basic
D0416,54,Male,32,Widowed,41636,V0416,9,Hatchback,Diesel,1.7,P0416,2977,0,0,Basic
D0417,41,Female,25,Married,101889,V0417,1,Hatchback,Electric,1.9,P0417,1522,0,0,Standard
D0418,46,Female,24,Divorced,73551,V0418,10,Hatchback,Diesel,2.0,P0418,1017,4586,1,Standard
D0419,66,Male,46,Married,31556,V0419,9,Truck,Diesel,3.1,P0419,638,0,0,Standard
D0420,63,Male,45,Divorced,47598,V0420,13,Truck,Electric,1.1,P0420,958,4680,1,Standard
D0421,70,Female,52,Married,31563,V0421,6,SUV,Petrol,3.2,P0421,1261,3341,1,Basic
D0422,48,Male,29,Single,66819,V0422,1,Sedan,Electric,2.3,P0422,728,0,0,Standard
D0423,52,Male,35,Widowed,93770,V0423,8,Hatchback,Petrol,2.0,P0423,1198,0,0,Basic
D0424,50,Female,33,Married,111055,V0424,15,Hatchback,Diesel,4.1,P0424,438,0,0,Standard
D0425,69,Female,53,Divorced,46966,V0425,12,Sedan,Diesel,2.6,P0425,841,2252,2,Standard
D0426,38,Male,18,Widowed,101709,V0426,8,Hatchback,Petrol,1.3,P0426,2404,0,0,Basic
D0427,49,Female,30,Widowed,79889,V0427,19,Truck,Diesel,3.9,P0427,1555,3750,2,Basic
D0428,40,Male,23,Divorced,46987,V0428,3,Truck,Petrol,1.2,P0428,2782,0,0,Standard
D0429,50,Male,32,Married,98714,V0429,9,Hatchback,Petrol,3.5,P0429,683,0,0,Standard
D0430,20,Male,1,Single,78348,V0430,11,Truck,Diesel,3.7,P0430,2907,990,1,Basic
D0431,35,Female,13,Single,44596,V0431,16,Truck,Hybrid,2.2,P0431,493,0,0,Premium
D0432,42,Female,23,Married,53174,V0432,13,Hatchback,Petrol,3.9,P0432,2881,6474,1,Standard
D0433,59,Female,39,Widowed,84106,V0433,13,SUV,Electric,2.8,P0433,2865,0,0,Premium
D0434,48,Female,28,Widowed,89967,V0434,1,Sedan,Electric,2.6,P0434,2532,0,0,Standard
D0435,71,Female,50,Widowed,79182,V0435,19,Truck,Diesel,1.2,P0435,2195,0,0,Standard
D0436,20,Male,1,Widowed,113300,V0436,10,SUV,Hybrid,2.0,P0436,2639,0,0,Premium
D0437,57,Male,40,Married,107163,V0437,15,Truck,Diesel,4.3,P0437,1031,0,0,Standard
D0438,63,Male,43,Widowed,59310,V0438,18,Truck,Hybrid,2.4,P0438,2463,0,0,Standard
D0439,41,Male,23,Divorced,76088,V0439,5,Sedan,Petrol,2.9,P0439,984,0,0,Basic
D0440,67,Female,48,Widowed,28906,V0440,18,Truck,Petrol,2.9,P0440,381,12170,2,Standard
D0441,49,Male,28,Single,56914,V0441,4,Sedan,Petrol,3.1,P0441,2680,0,0,Basic
D0442,64,Female,41,Widowed,65379,V0442,3,Sedan,Petrol,1.2,P0442,2904,0,0,Basic
D0443,39,Male,23,Married,98612,V0443,14,Sedan,Electric,2.3,P0443,2682,0,0,Basic
D0444,40,Female,17,Single,57650,V0444,3,SUV,Electric,3.5,P0444,831,0,0,Basic
D0445,19,Female,1,Married,66881,V0445,19,Hatchback,Diesel,1.7,P0445,2283,1573,1,Premium
D0446,44,Male,28,Married,66413,V0446,9,SUV,Hybrid,1.7,P0446,520,0,0,Basic
D0447,59,Male,42,Single,26012,V0447,2,Hatchback,Petrol,1.0,P0447,934,0,0,Standard
D0448,19,Male,1,Married,70115,V0448,4,Hatchback,Petrol,2.5,P0448,2069,4840,1,Premium
D0449,43,Male,27,Married,27151,V0449,5,Sedan,Hybrid,4.1,P0449,2670,2656,1,Standard
D0450,34,Female,10,Widowed,77716,V0450,7,Truck,Hybrid,1.2,P0450,2174,16932,2,Basic
D0451,57,Male,34,Divorced,113747,V0451,6,Sedan,Diesel,1.7,P0451,302,0,0,Standard
D0452,50,Male,33,Married,112653,V0452,9,Truck,Hybrid,2.1,P0452,2017,0,0,Standard
D0453,26,Female,2,Married,56378,V0453,5,Hatchback,Petrol,3.6,P0453,505,0,0,Standard
D0454,60,Male,38,Married,62652,V0454,13,Sedan,Petrol,3.2,P0454,2155,7272,1,Standard
D0455,71,Male,47,Widowed,92430,V0455,3,Truck,Petrol,2.5,P0455,339,2127,1,Premium
D0456,65,Male,44,Divorced,33467,V0456,12,SUV,Petrol,3.7,P0456,2406,0,0,Standard
D0457,56,Male,35,Single,51010,V0457,19,Truck,Petrol,3.1,P0457,2921,0,0,Basic
D0458,46,Male,27,Widowed,74691,V0458,16,Sedan,Diesel,4.1,P0458,943,2485,1,Standard
D0459,59,Female,42,Widowed,84157,V0459,6,SUV,Petrol,3.9,P0459,1830,8988,1,Basic
D0460,72,Male,50,Divorced,32289,V0460,3,Truck,Diesel,1.9,P0460,2207,0,0,Premium
D0461,43,Male,23,Divorced,64976,V0461,13,Truck,Petrol,2.0,P0461,2966,2796,1,Basic
D0462,52,Male,31,Widowed,63596,V0462,2,Truck,Electric,1.4,P0462,2443,22992,3,Basic
D0463,67,Male,50,Single,43171,V0463,4,Truck,Electric,2.2,P0463,1197,0,0,Premium
D0464,42,Male,22,Widowed,106365,V0464,15,Truck,Electric,4.5,P0464,1385,1401,1,Standard
D0465,41,Female,22,Divorced,119590,V0465,19,SUV,Electric,2.4,P0465,1579,0,0,Basic
D0466,30,Male,6,Single,64139,V0466,3,Hatchback,Diesel,1.8,P0466,2908,9790,1,Standard
D0467,24,Female,3,Divorced,68713,V0467,1,SUV,Diesel,3.7,P0467,2695,0,0,Premium
D0468,74,Female,57,Single,49734,V0468,17,SUV,Hybrid,2.9,P0468,970,0,0,Basic
D0469,53,Male,37,Married,92588,V0469,18,SUV,Petrol,1.5,P0469,1805,0,0,Premium
D0470,62,Male,42,Divorced,83646,V0470,18,Hatchback,Electric,2.3,P0470,2664,8552,1,Basic
D0471,37,Male,13,Divorced,23654,V0471,16,Sedan,Diesel,2.5,P0471,1018,3756,2,Standard
D0472,18,Male,1,Widowed,109022,V0472,13,Hatchback,Petrol,3.6,P0472,1371,0,0,Premium
D0473,25,Female,3,Divorced,38743,V0473,18,SUV,Petrol,1.1,P0473,2255,6150,1,Basic
D0474,63,Male,43,Divorced,68368,V0474,12,Truck,Diesel,1.9,P0474,1459,6579,1,Standard
D0475,33,Male,12,Married,110025,V0475,11,Truck,Electric,2.8,P0475,549,19912,2,Basic
D0476,31,Male,11,Divorced,94172,V0476,5,SUV,Hybrid,1.9,P0476,2661,0,0,Standard
D0477,29,Male,5,Married,26441,V0477,3,Truck,Petrol,3.2,P0477,2192,6987,1,Standard
D0478,68,Male,47,Married,44611,V0478,18,SUV,Hybrid,2.7,P0478,2153,1558,1,Standard
D0479,40,Male,17,Married,32149,V0479,15,Truck,Electric,2.3,P0479,1803,0,0,Basic
D0480,32,Female,15,Married,79189,V0480,12,Hatchback,Electric,4.3,P0480,2832,13230,2,Basic
D0481,45,Female,21,Single,41675,V0481,3,Sedan,Hybrid,3.2,P0481,1534,0,0,Basic
D0482,51,Male,31,Widowed,91031,V0482,16,Sedan,Electric,1.5,P0482,343,2976,1,Basic
D0483,19,Male,1,Single,62668,V0483,0,Hatchback,Petrol,3.0,P0483,2918,0,0,Standard
D0484,49,Male,33,Divorced,33673,V0484,17,Hatchback,Hybrid,3.7,P0484,882,4053,1,Premium
D0485,40,Female,20,Single,96666,V0485,19,SUV,Electric,3.5,P0485,1588,0,0,Standard
D0486,39,Male,22,Single,108204,V0486,16,SUV,Hybrid,1.6,P0486,519,0,0,Standard
D0487,68,Female,47,Divorced,100758,V0487,14,SUV,Petrol,4.4,P0487,2225,7692,1,Premium
D0488,42,Male,26,Divorced,85429,V0488,10,Truck,Electric,2.6,P0488,2748,5123,1,Standard
D0489,39,Male,21,Divorced,43669,V0489,12,SUV,Petrol,1.6,P0489,1290,7849,1,Premium
D0490,39,Male,19,Single,54068,V0490,0,Hatchback,Electric,1.6,P0490,2112,0,0,Standard
D0491,66,Male,47,Single,108789,V0491,16,Sedan,Diesel,1.3,P0491,1157,0,0,Basic
D0492,69,Female,51,Divorced,29435,V0492,5,Truck,Electric,3.8,P0492,1103,0,0,Basic
D0493,59,Female,39,Widowed,114088,V0493,3,SUV,Hybrid,1.4,P0493,789,0,0,Standard
D0494,23,Male,1,Widowed,72249,V0494,19,Truck,Electric,1.4,P0494,2080,8415,1,Basic
D0495,32,Male,13,Married,57384,V0495,15,Truck,Petrol,4.0,P0495,1793,1962,1,Basic
D0496,71,Female,55,Divorced,101929,V0496,14,SUV,Petrol,2.2,P0496,2005,0,0,Standard
D0497,60,Female,38,Married,96153,V0497,14,Truck,Electric,1.1,P0497,2614,9036,1,Standard
D0498,54,Female,31,Widowed,95388,V0498,5,Sedan,Hybrid,1.2,P0498,353,0,0,Standard
D0499,50,Female,32,Married,51401,V0499,14,Hatchback,Diesel,1.5,P0499,2875,0,0,Basic
D0500,25,Male,4,Divorced,91831,V0500,13,Hatchback,Hybrid,1.7,P0500,915,0,0,Basic
